-- 错误码
DELETE FROM SY_ERROR_INFO WHERE SEI_ERROR_CODE='WF000001';
INSERT INTO SY_ERROR_INFO VALUES ('WF000001', '未查询到定义[%1-%2]', NULL);
DELETE FROM SY_ERROR_INFO WHERE SEI_ERROR_CODE='WF000002';
INSERT INTO SY_ERROR_INFO VALUES ('WF000002', '审批流配置错误，无流程定义[%1]', NULL);
DELETE FROM SY_ERROR_INFO WHERE SEI_ERROR_CODE='WF000003';
INSERT INTO SY_ERROR_INFO VALUES ('WF000003', '未设置使用审批流的业务', NULL);
DELETE FROM SY_ERROR_INFO WHERE SEI_ERROR_CODE='WF000004';
INSERT INTO SY_ERROR_INFO VALUES ('WF000004', '结点模板配置错误', NULL);
DELETE FROM SY_ERROR_INFO WHERE SEI_ERROR_CODE='WF000005';
INSERT INTO SY_ERROR_INFO VALUES ('WF000005', '审批流实例[%1]不存在', NULL);
DELETE FROM SY_ERROR_INFO WHERE SEI_ERROR_CODE='WF000006';
INSERT INTO SY_ERROR_INFO VALUES ('WF000006', '获取执行记录结果为空', NULL);
DELETE FROM SY_ERROR_INFO WHERE SEI_ERROR_CODE='WF000007';
INSERT INTO SY_ERROR_INFO VALUES ('WF000007', '获取工作流定义结果为空', NULL);
DELETE FROM SY_ERROR_INFO WHERE SEI_ERROR_CODE='WF000008';
INSERT INTO SY_ERROR_INFO VALUES ('WF000008', '签收标志不能为空', NULL);
DELETE FROM SY_ERROR_INFO WHERE SEI_ERROR_CODE='WF000009';
INSERT INTO SY_ERROR_INFO VALUES ('WF000009', '工作流定义配置的签收标志为N，则无需签收', NULL);
DELETE FROM SY_ERROR_INFO WHERE SEI_ERROR_CODE='WF000010';
INSERT INTO SY_ERROR_INFO VALUES ('WF000010', '查询待办结果为空', NULL);
DELETE FROM SY_ERROR_INFO WHERE SEI_ERROR_CODE='WF000011';
INSERT INTO SY_ERROR_INFO VALUES ('WF000011', '待办状态非[待办]，无法签收', NULL);
DELETE FROM SY_ERROR_INFO WHERE SEI_ERROR_CODE='WF000012';
INSERT INTO SY_ERROR_INFO VALUES ('WF000012', '获取首结点信息失败', NULL);
DELETE FROM SY_ERROR_INFO WHERE SEI_ERROR_CODE='WF000013';
INSERT INTO SY_ERROR_INFO VALUES ('WF000013', '工作流定义已关闭，不能开始新的流程', NULL);
DELETE FROM SY_ERROR_INFO WHERE SEI_ERROR_CODE='WF000014';
INSERT INTO SY_ERROR_INFO VALUES ('WF000014', '工作流定义未配置', NULL);
DELETE FROM SY_ERROR_INFO WHERE SEI_ERROR_CODE='WF000015';
INSERT INTO SY_ERROR_INFO VALUES ('WF000015', '工作流实例未配置', NULL);
DELETE FROM SY_ERROR_INFO WHERE SEI_ERROR_CODE='WF000016';
INSERT INTO SY_ERROR_INFO VALUES ('WF000016', '工作流实例-业务控制表配置不正确', NULL);
DELETE FROM SY_ERROR_INFO WHERE SEI_ERROR_CODE='WF000017';
INSERT INTO SY_ERROR_INFO VALUES ('WF000017', '查询待办结果为空', NULL);
DELETE FROM SY_ERROR_INFO WHERE SEI_ERROR_CODE='WF000018';
INSERT INTO SY_ERROR_INFO VALUES ('WF000018', '查询流程执行记录结果为空', NULL);
DELETE FROM SY_ERROR_INFO WHERE SEI_ERROR_CODE='WF000019';
INSERT INTO SY_ERROR_INFO VALUES ('WF000019', '工作流已关闭', NULL);
DELETE FROM SY_ERROR_INFO WHERE SEI_ERROR_CODE='WF000020';
INSERT INTO SY_ERROR_INFO VALUES ('WF000020', '工作流实例已关闭', NULL);
DELETE FROM SY_ERROR_INFO WHERE SEI_ERROR_CODE='WF000021';
INSERT INTO SY_ERROR_INFO VALUES ('WF000021', '未签收，请先签收', NULL);
DELETE FROM SY_ERROR_INFO WHERE SEI_ERROR_CODE='WF000022';
INSERT INTO SY_ERROR_INFO VALUES ('WF000022', '查询待办结点信息结果为空', NULL);
DELETE FROM SY_ERROR_INFO WHERE SEI_ERROR_CODE='WF000023';
INSERT INTO SY_ERROR_INFO VALUES ('WF000023', '不支持的数据记录方式', NULL);
DELETE FROM SY_ERROR_INFO WHERE SEI_ERROR_CODE='WF000024';
INSERT INTO SY_ERROR_INFO VALUES ('WF000024', '执行记录状态不能为空', NULL);
DELETE FROM SY_ERROR_INFO WHERE SEI_ERROR_CODE='WF000025';
INSERT INTO SY_ERROR_INFO VALUES ('WF000025', '获取待办结点信息结果为空', NULL);
DELETE FROM SY_ERROR_INFO WHERE SEI_ERROR_CODE='WF000026';
INSERT INTO SY_ERROR_INFO VALUES ('WF000026', '路由的尾结点未配置', NULL);
DELETE FROM SY_ERROR_INFO WHERE SEI_ERROR_CODE='WF000027';
INSERT INTO SY_ERROR_INFO VALUES ('WF000027', '结点不能为空', NULL);
DELETE FROM SY_ERROR_INFO WHERE SEI_ERROR_CODE='WF000028';
INSERT INTO SY_ERROR_INFO VALUES ('WF000028', '不支持的路由策略', NULL);
DELETE FROM SY_ERROR_INFO WHERE SEI_ERROR_CODE='WF000029';
INSERT INTO SY_ERROR_INFO VALUES ('WF000029', '不支持的回退策略', NULL);
DELETE FROM SY_ERROR_INFO WHERE SEI_ERROR_CODE='WF000030';
INSERT INTO SY_ERROR_INFO VALUES ('WF000030', '工作流实例业务控制配置与工作流实例数不一致', NULL);
DELETE FROM SY_ERROR_INFO WHERE SEI_ERROR_CODE='WF000031';
INSERT INTO SY_ERROR_INFO VALUES ('WF000031', '自定义实例匹配策略配置不正确，缺少自定义实现类', NULL);
DELETE FROM SY_ERROR_INFO WHERE SEI_ERROR_CODE='WF000032';
INSERT INTO SY_ERROR_INFO VALUES ('WF000032', '自定义实例匹配策略配置不正确，实现类实例化失败', NULL);
DELETE FROM SY_ERROR_INFO WHERE SEI_ERROR_CODE='WF000033';
INSERT INTO SY_ERROR_INFO VALUES ('WF000033', '简单匹配，传入的工作流实例的实例匹配业务值不能为空', NULL);
DELETE FROM SY_ERROR_INFO WHERE SEI_ERROR_CODE='WF000034';
INSERT INTO SY_ERROR_INFO VALUES ('WF000034', '无匹配的工作流实例', NULL);
DELETE FROM SY_ERROR_INFO WHERE SEI_ERROR_CODE='WF000035';
INSERT INTO SY_ERROR_INFO VALUES ('WF000035', '工作流实例-业务控制配置不能为空', NULL);
DELETE FROM SY_ERROR_INFO WHERE SEI_ERROR_CODE='WF000036';
INSERT INTO SY_ERROR_INFO VALUES ('WF000036', '是否单实例标志不能为空', NULL);
DELETE FROM SY_ERROR_INFO WHERE SEI_ERROR_CODE='WF000037';
INSERT INTO SY_ERROR_INFO VALUES ('WF000037', '审批标志错误', NULL);
DELETE FROM SY_ERROR_INFO WHERE SEI_ERROR_CODE='WF000038';
INSERT INTO SY_ERROR_INFO VALUES ('WF000038', '不支持的事件类型', NULL);
DELETE FROM SY_ERROR_INFO WHERE SEI_ERROR_CODE='WF000039';
INSERT INTO SY_ERROR_INFO VALUES ('WF000039', '不支持的事件执行方式', NULL);
DELETE FROM SY_ERROR_INFO WHERE SEI_ERROR_CODE='WF000040';
INSERT INTO SY_ERROR_INFO VALUES ('WF000040', '结点事件执行实现类配置不正确', NULL);
DELETE FROM SY_ERROR_INFO WHERE SEI_ERROR_CODE='WF000041';
INSERT INTO SY_ERROR_INFO VALUES ('WF000041', '实例名称不能为空！', NULL);
DELETE FROM SY_ERROR_INFO WHERE SEI_ERROR_CODE='WF000042';
INSERT INTO SY_ERROR_INFO VALUES ('WF000042', '模式代号不能为空！', NULL);
DELETE FROM SY_ERROR_INFO WHERE SEI_ERROR_CODE='WF000043';
INSERT INTO SY_ERROR_INFO VALUES ('WF000043', '业务类型不能为空！', NULL);
DELETE FROM SY_ERROR_INFO WHERE SEI_ERROR_CODE='WF000044';
INSERT INTO SY_ERROR_INFO VALUES ('WF000044', '流程结点个数必须大于0！', NULL);
DELETE FROM SY_ERROR_INFO WHERE SEI_ERROR_CODE='WF000045';
INSERT INTO SY_ERROR_INFO VALUES ('WF000045', '每个结点至少要有一名工作组组员！', NULL);
DELETE FROM SY_ERROR_INFO WHERE SEI_ERROR_CODE='WF000046';
INSERT INTO SY_ERROR_INFO VALUES ('WF000046', '代理人信息为空', NULL);
DELETE FROM SY_ERROR_INFO WHERE SEI_ERROR_CODE='WF000047';
INSERT INTO SY_ERROR_INFO VALUES ('WF000047', '已有代理，请先取消原代理人', NULL);
DELETE FROM SY_ERROR_INFO WHERE SEI_ERROR_CODE='WF000048';
INSERT INTO SY_ERROR_INFO VALUES ('WF000048', '取消代理结点信息为空', NULL);
DELETE FROM SY_ERROR_INFO WHERE SEI_ERROR_CODE='WF000049';
INSERT INTO SY_ERROR_INFO VALUES ('WF000049', '代理人不能是自己', NULL);
DELETE FROM SY_ERROR_INFO WHERE SEI_ERROR_CODE='WF000050';
INSERT INTO SY_ERROR_INFO VALUES ('WF000050', '该结点工作组中不包含自己，不能设置代理', NULL);
DELETE FROM SY_ERROR_INFO WHERE SEI_ERROR_CODE='WF000051';
INSERT INTO SY_ERROR_INFO VALUES ('WF000051', '分页查询结果为空', NULL);
DELETE FROM SY_ERROR_INFO WHERE SEI_ERROR_CODE='WF000052';
INSERT INTO SY_ERROR_INFO VALUES ('WF000052', '分页信息为空', NULL);
DELETE FROM SY_ERROR_INFO WHERE SEI_ERROR_CODE='WF000053';
INSERT INTO SY_ERROR_INFO VALUES ('WF000053', '查询用户管理交易信息结果为空', NULL);
DELETE FROM SY_ERROR_INFO WHERE SEI_ERROR_CODE='WF000054';
INSERT INTO SY_ERROR_INFO VALUES ('WF000054', '审批标志错误', NULL);
DELETE FROM SY_ERROR_INFO WHERE SEI_ERROR_CODE='WF000055';
INSERT INTO SY_ERROR_INFO VALUES ('WF000055', '每个业务类型的审批流只能有一个正常状态的实例', NULL);

-- 预定义
DELETE FROM SY_GLOBAL_DEFINE WHERE SGD_FIELD = 'SWD_WKF_CODE' AND SGD_VALUE = 'A001';
INSERT INTO SY_GLOBAL_DEFINE VALUES ('SWD_WKF_CODE', 'A001', 'A001-多级审批');
DELETE FROM SY_GLOBAL_DEFINE WHERE SGD_FIELD = 'SWD_WKF_TYPE' AND SGD_VALUE = 'A1';
INSERT INTO SY_GLOBAL_DEFINE VALUES ('SWD_WKF_TYPE', 'A1', 'A1-线型');
DELETE FROM SY_GLOBAL_DEFINE WHERE SGD_FIELD = 'SWD_WKF_TYPE' AND SGD_VALUE = 'B1';
INSERT INTO SY_GLOBAL_DEFINE VALUES ('SWD_WKF_TYPE', 'B1', 'B1-树型');
DELETE FROM SY_GLOBAL_DEFINE WHERE SGD_FIELD = 'SWD_WKF_TYPE' AND SGD_VALUE = 'C1';
INSERT INTO SY_GLOBAL_DEFINE VALUES ('SWD_WKF_TYPE', 'C1', 'C1-环型');
DELETE FROM SY_GLOBAL_DEFINE WHERE SGD_FIELD = 'SWD_WKF_TYPE' AND SGD_VALUE = 'D1';
INSERT INTO SY_GLOBAL_DEFINE VALUES ('SWD_WKF_TYPE', 'D1', 'D1-图型');
DELETE FROM SY_GLOBAL_DEFINE WHERE SGD_FIELD = 'SWD_WKF_TYPE' AND SGD_VALUE = 'E1';
INSERT INTO SY_GLOBAL_DEFINE VALUES ('SWD_WKF_TYPE', 'E1', 'E1-复合型');
DELETE FROM SY_GLOBAL_DEFINE WHERE SGD_FIELD = 'SWD_ROUTE_TYPE' AND SGD_VALUE = 'SI';
INSERT INTO SY_GLOBAL_DEFINE VALUES ('SWD_ROUTE_TYPE', 'SI', 'SI-单路串行');
DELETE FROM SY_GLOBAL_DEFINE WHERE SGD_FIELD = 'SWD_ROUTE_TYPE' AND SGD_VALUE = 'MU';
INSERT INTO SY_GLOBAL_DEFINE VALUES ('SWD_ROUTE_TYPE', 'MU', 'MU-多路并行');
DELETE FROM SY_GLOBAL_DEFINE WHERE SGD_FIELD = 'SWD_ROUTE_TYPE' AND SGD_VALUE = 'AL';
INSERT INTO SY_GLOBAL_DEFINE VALUES ('SWD_ROUTE_TYPE', 'AL', 'AL-不限');
DELETE FROM SY_GLOBAL_DEFINE WHERE SGD_FIELD = 'SWD_CHECK_FLAG' AND SGD_VALUE = 'Y';
INSERT INTO SY_GLOBAL_DEFINE VALUES ('SWD_CHECK_FLAG', 'Y', 'Y-签收');
DELETE FROM SY_GLOBAL_DEFINE WHERE SGD_FIELD = 'SWD_CHECK_FLAG' AND SGD_VALUE = 'N';
INSERT INTO SY_GLOBAL_DEFINE VALUES ('SWD_CHECK_FLAG', 'N', 'N-不签收');
DELETE FROM SY_GLOBAL_DEFINE WHERE SGD_FIELD = 'SWD_STATE' AND SGD_VALUE = 'A';
INSERT INTO SY_GLOBAL_DEFINE VALUES ('SWD_STATE', 'A', 'A-正常');
DELETE FROM SY_GLOBAL_DEFINE WHERE SGD_FIELD = 'SWD_STATE' AND SGD_VALUE = 'C';
INSERT INTO SY_GLOBAL_DEFINE VALUES ('SWD_STATE', 'C', 'C-关闭');
DELETE FROM SY_GLOBAL_DEFINE WHERE SGD_FIELD = 'SWE_BUSINESS_TYPE' AND SGD_VALUE = 'SYUSRMNG00';
INSERT INTO SY_GLOBAL_DEFINE VALUES ('SWE_BUSINESS_TYPE', 'SYUSRMNG00', 'SYUSRMNG00-用户管理');
DELETE FROM SY_GLOBAL_DEFINE WHERE SGD_FIELD = 'SWE_STATE' AND SGD_VALUE = 'A';
INSERT INTO SY_GLOBAL_DEFINE VALUES ('SWE_STATE', 'A', 'A-正常');
DELETE FROM SY_GLOBAL_DEFINE WHERE SGD_FIELD = 'SWE_STATE' AND SGD_VALUE = 'C';
INSERT INTO SY_GLOBAL_DEFINE VALUES ('SWE_STATE', 'C', 'C-关闭');
DELETE FROM SY_GLOBAL_DEFINE WHERE SGD_FIELD = 'SWE_STATE' AND SGD_VALUE = 'P';
INSERT INTO SY_GLOBAL_DEFINE VALUES ('SWE_STATE', 'P', 'P-待关闭');
DELETE FROM SY_GLOBAL_DEFINE WHERE SGD_FIELD = 'SEB_BUSINESS_TYPE' AND SGD_VALUE = 'SYUSRMNG00';
INSERT INTO SY_GLOBAL_DEFINE VALUES ('SEB_BUSINESS_TYPE', 'SYUSRMNG00', 'SYUSRMNG00-用户管理');
DELETE FROM SY_GLOBAL_DEFINE WHERE SGD_FIELD = 'SEB_IS_SINGLE' AND SGD_VALUE = 'Y';
INSERT INTO SY_GLOBAL_DEFINE VALUES ('SEB_IS_SINGLE', 'Y', 'Y-是');
DELETE FROM SY_GLOBAL_DEFINE WHERE SGD_FIELD = 'SEB_IS_SINGLE' AND SGD_VALUE = 'N';
INSERT INTO SY_GLOBAL_DEFINE VALUES ('SEB_IS_SINGLE', 'N', 'N-否');
DELETE FROM SY_GLOBAL_DEFINE WHERE SGD_FIELD = 'SEB_MATCH_STRATEGY' AND SGD_VALUE = 'S1';
INSERT INTO SY_GLOBAL_DEFINE VALUES ('SEB_MATCH_STRATEGY', 'S1', 'S1-简单匹配');
DELETE FROM SY_GLOBAL_DEFINE WHERE SGD_FIELD = 'SEB_MATCH_STRATEGY' AND SGD_VALUE = 'S2';
INSERT INTO SY_GLOBAL_DEFINE VALUES ('SEB_MATCH_STRATEGY', 'S2', 'S2-自定义匹配');
DELETE FROM SY_GLOBAL_DEFINE WHERE SGD_FIELD = 'SWN_EVENT_TYPE' AND SGD_VALUE = 'E1';
INSERT INTO SY_GLOBAL_DEFINE VALUES ('SWN_EVENT_TYPE', 'E1', 'E1-执行');
DELETE FROM SY_GLOBAL_DEFINE WHERE SGD_FIELD = 'SWN_EVENT_TYPE' AND SGD_VALUE = 'E2';
INSERT INTO SY_GLOBAL_DEFINE VALUES ('SWN_EVENT_TYPE', 'E2', 'E2-审批');
DELETE FROM SY_GLOBAL_DEFINE WHERE SGD_FIELD = 'SWN_EVENT_TYPE' AND SGD_VALUE = 'E3';
INSERT INTO SY_GLOBAL_DEFINE VALUES ('SWN_EVENT_TYPE', 'E3', 'E3-复核');
DELETE FROM SY_GLOBAL_DEFINE WHERE SGD_FIELD = 'SWN_EVENT_TYPE' AND SGD_VALUE = 'E4';
INSERT INTO SY_GLOBAL_DEFINE VALUES ('SWN_EVENT_TYPE', 'E4', 'E4-会审');
DELETE FROM SY_GLOBAL_DEFINE WHERE SGD_FIELD = 'SWN_EVENT_RULE' AND SGD_VALUE = 'T1';
INSERT INTO SY_GLOBAL_DEFINE VALUES ('SWN_EVENT_RULE', 'T1', 'T1-只执行工作流');
DELETE FROM SY_GLOBAL_DEFINE WHERE SGD_FIELD = 'SWN_EVENT_RULE' AND SGD_VALUE = 'T2';
INSERT INTO SY_GLOBAL_DEFINE VALUES ('SWN_EVENT_RULE', 'T2', 'T2-调用业务，工作流与业务同步');
DELETE FROM SY_GLOBAL_DEFINE WHERE SGD_FIELD = 'SWN_EVENT_RULE' AND SGD_VALUE = 'T3';
INSERT INTO SY_GLOBAL_DEFINE VALUES ('SWN_EVENT_RULE', 'T3', 'T3-发送消息给业务，等待成功回执再继续执行');
DELETE FROM SY_GLOBAL_DEFINE WHERE SGD_FIELD = 'SWN_EVENT_RULE' AND SGD_VALUE = 'T4';
INSERT INTO SY_GLOBAL_DEFINE VALUES ('SWN_EVENT_RULE', 'T4', 'T4-发送消息给业务，直接继续执行');
DELETE FROM SY_GLOBAL_DEFINE WHERE SGD_FIELD = 'SWN_RECORD_TYPE' AND SGD_VALUE = 'R1';
INSERT INTO SY_GLOBAL_DEFINE VALUES ('SWN_RECORD_TYPE', 'R1', 'R1-不记录');
DELETE FROM SY_GLOBAL_DEFINE WHERE SGD_FIELD = 'SWN_RECORD_TYPE' AND SGD_VALUE = 'R2';
INSERT INTO SY_GLOBAL_DEFINE VALUES ('SWN_RECORD_TYPE', 'R2', 'R2-字段');
DELETE FROM SY_GLOBAL_DEFINE WHERE SGD_FIELD = 'SWN_RECORD_TYPE' AND SGD_VALUE = 'R3';
INSERT INTO SY_GLOBAL_DEFINE VALUES ('SWN_RECORD_TYPE', 'R3', 'R3-报文');
DELETE FROM SY_GLOBAL_DEFINE WHERE SGD_FIELD = 'SWN_ROUTE_STRATEGY' AND SGD_VALUE = 'A1';
INSERT INTO SY_GLOBAL_DEFINE VALUES ('SWN_ROUTE_STRATEGY', 'A1', 'A1-界面选择下一结点');
DELETE FROM SY_GLOBAL_DEFINE WHERE SGD_FIELD = 'SWN_ROUTE_STRATEGY' AND SGD_VALUE = 'A2';
INSERT INTO SY_GLOBAL_DEFINE VALUES ('SWN_ROUTE_STRATEGY', 'A2', 'A2-下一结点中的随机结点');
DELETE FROM SY_GLOBAL_DEFINE WHERE SGD_FIELD = 'SWN_ROUTE_STRATEGY' AND SGD_VALUE = 'A4';
INSERT INTO SY_GLOBAL_DEFINE VALUES ('SWN_ROUTE_STRATEGY', 'A4', 'A4-多分支并行下一结点');
DELETE FROM SY_GLOBAL_DEFINE WHERE SGD_FIELD = 'SWN_ROUTE_STRATEGY' AND SGD_VALUE = 'A5';
INSERT INTO SY_GLOBAL_DEFINE VALUES ('SWN_ROUTE_STRATEGY', 'A5', 'A5-自定义');
DELETE FROM SY_GLOBAL_DEFINE WHERE SGD_FIELD = 'SWN_BRANCH_STRATEGY' AND SGD_VALUE = 'B1';
INSERT INTO SY_GLOBAL_DEFINE VALUES ('SWN_BRANCH_STRATEGY', 'B1', 'B1-等待所有分支完成后继续执行主干');
DELETE FROM SY_GLOBAL_DEFINE WHERE SGD_FIELD = 'SWN_BRANCH_STRATEGY' AND SGD_VALUE = 'B2';
INSERT INTO SY_GLOBAL_DEFINE VALUES ('SWN_BRANCH_STRATEGY', 'B2', 'B2-一条分支完成后继续执行主干，其它分支关闭');
DELETE FROM SY_GLOBAL_DEFINE WHERE SGD_FIELD = 'SWN_BRANCH_STRATEGY' AND SGD_VALUE = 'B3';
INSERT INTO SY_GLOBAL_DEFINE VALUES ('SWN_BRANCH_STRATEGY', 'B3', 'B3-自定义');
DELETE FROM SY_GLOBAL_DEFINE WHERE SGD_FIELD = 'SWN_IS_AUTO' AND SGD_VALUE = 'Y';
INSERT INTO SY_GLOBAL_DEFINE VALUES ('SWN_IS_AUTO', 'Y', 'Y-是');
DELETE FROM SY_GLOBAL_DEFINE WHERE SGD_FIELD = 'SWN_IS_AUTO' AND SGD_VALUE = 'N';
INSERT INTO SY_GLOBAL_DEFINE VALUES ('SWN_IS_AUTO', 'N', 'N-否');
DELETE FROM SY_GLOBAL_DEFINE WHERE SGD_FIELD = 'SWN_STATE' AND SGD_VALUE = 'A';
INSERT INTO SY_GLOBAL_DEFINE VALUES ('SWN_STATE', 'A', 'A-正常');
DELETE FROM SY_GLOBAL_DEFINE WHERE SGD_FIELD = 'SWN_STATE' AND SGD_VALUE = 'C';
INSERT INTO SY_GLOBAL_DEFINE VALUES ('SWN_STATE', 'C', 'C-关闭');
DELETE FROM SY_GLOBAL_DEFINE WHERE SGD_FIELD = 'SWR_ROUTE_STATUS' AND SGD_VALUE = 'A';
INSERT INTO SY_GLOBAL_DEFINE VALUES ('SWR_ROUTE_STATUS', 'A', 'A-正常');
DELETE FROM SY_GLOBAL_DEFINE WHERE SGD_FIELD = 'SWR_ROUTE_STATUS' AND SGD_VALUE = 'C';
INSERT INTO SY_GLOBAL_DEFINE VALUES ('SWR_ROUTE_STATUS', 'C', 'C-关闭');
DELETE FROM SY_GLOBAL_DEFINE WHERE SGD_FIELD = 'SWW_WG_TYPE' AND SGD_VALUE = 'W2';
INSERT INTO SY_GLOBAL_DEFINE VALUES ('SWW_WG_TYPE', 'W2', 'W2-限流程代号');
DELETE FROM SY_GLOBAL_DEFINE WHERE SGD_FIELD = 'SWW_WG_TYPE' AND SGD_VALUE = 'W3';
INSERT INTO SY_GLOBAL_DEFINE VALUES ('SWW_WG_TYPE', 'W3', 'W3-限流程实例编号');
DELETE FROM SY_GLOBAL_DEFINE WHERE SGD_FIELD = 'SWW_WG_TYPE' AND SGD_VALUE = 'W4';
INSERT INTO SY_GLOBAL_DEFINE VALUES ('SWW_WG_TYPE', 'W4', 'W4-限关联业务类型');
DELETE FROM SY_GLOBAL_DEFINE WHERE SGD_FIELD = 'SWW_BUS_TYPE' AND SGD_VALUE = 'SYUSRMNG00';
INSERT INTO SY_GLOBAL_DEFINE VALUES ('SWW_BUS_TYPE', 'SYUSRMNG00', 'SYUSRMNG00-用户管理');
DELETE FROM SY_GLOBAL_DEFINE WHERE SGD_FIELD = 'SWW_STATE' AND SGD_VALUE = 'A';
INSERT INTO SY_GLOBAL_DEFINE VALUES ('SWW_STATE', 'A', 'A-正常');
DELETE FROM SY_GLOBAL_DEFINE WHERE SGD_FIELD = 'SWW_STATE' AND SGD_VALUE = 'C';
INSERT INTO SY_GLOBAL_DEFINE VALUES ('SWW_STATE', 'C', 'C-关闭');
DELETE FROM SY_GLOBAL_DEFINE WHERE SGD_FIELD = 'SWA_STATE' AND SGD_VALUE = 'A';
INSERT INTO SY_GLOBAL_DEFINE VALUES ('SWA_STATE', 'A', 'A-正常');
DELETE FROM SY_GLOBAL_DEFINE WHERE SGD_FIELD = 'SWA_STATE' AND SGD_VALUE = 'C';
INSERT INTO SY_GLOBAL_DEFINE VALUES ('SWA_STATE', 'C', 'C-关闭');
DELETE FROM SY_GLOBAL_DEFINE WHERE SGD_FIELD = 'SWS_BRANCH_FLAG' AND SGD_VALUE = 'Y';
INSERT INTO SY_GLOBAL_DEFINE VALUES ('SWS_BRANCH_FLAG', 'Y', 'Y-是');
DELETE FROM SY_GLOBAL_DEFINE WHERE SGD_FIELD = 'SWS_BRANCH_FLAG' AND SGD_VALUE = 'N';
INSERT INTO SY_GLOBAL_DEFINE VALUES ('SWS_BRANCH_FLAG', 'N', 'N-否');
DELETE FROM SY_GLOBAL_DEFINE WHERE SGD_FIELD = 'SWS_STATE' AND SGD_VALUE = 'RDY';
INSERT INTO SY_GLOBAL_DEFINE VALUES ('SWS_STATE', 'RDY', 'RDY-待办');
DELETE FROM SY_GLOBAL_DEFINE WHERE SGD_FIELD = 'SWS_STATE' AND SGD_VALUE = 'CHK';
INSERT INTO SY_GLOBAL_DEFINE VALUES ('SWS_STATE', 'CHK', 'CHK-签收');
DELETE FROM SY_GLOBAL_DEFINE WHERE SGD_FIELD = 'SWS_STATE' AND SGD_VALUE = 'WAT';
INSERT INTO SY_GLOBAL_DEFINE VALUES ('SWS_STATE', 'WAT', 'WAT-等待');
DELETE FROM SY_GLOBAL_DEFINE WHERE SGD_FIELD = 'SWS_STATE' AND SGD_VALUE = 'CLS';
INSERT INTO SY_GLOBAL_DEFINE VALUES ('SWS_STATE', 'CLS', 'CLS-关闭');
DELETE FROM SY_GLOBAL_DEFINE WHERE SGD_FIELD = 'SWS_STATE' AND SGD_VALUE = 'FIN';
INSERT INTO SY_GLOBAL_DEFINE VALUES ('SWS_STATE', 'FIN', 'FIN-完成');
DELETE FROM SY_GLOBAL_DEFINE WHERE SGD_FIELD = 'SRC_BUSINESS_TYPE' AND SGD_VALUE = 'SYUSRMNG00';
INSERT INTO SY_GLOBAL_DEFINE VALUES ('SRC_BUSINESS_TYPE', 'SYUSRMNG00', 'SYUSRMNG00-用户管理');
DELETE FROM SY_GLOBAL_DEFINE WHERE SGD_FIELD = 'SRC_STATE' AND SGD_VALUE = 'ERR';
INSERT INTO SY_GLOBAL_DEFINE VALUES ('SRC_STATE', 'ERR', 'ERR:出错中断');
DELETE FROM SY_GLOBAL_DEFINE WHERE SGD_FIELD = 'SRC_STATE' AND SGD_VALUE = 'FAT';
INSERT INTO SY_GLOBAL_DEFINE VALUES ('SRC_STATE', 'FAT', 'FAT:主干流程中');
DELETE FROM SY_GLOBAL_DEFINE WHERE SGD_FIELD = 'SRC_STATE' AND SGD_VALUE = 'SUB';
INSERT INTO SY_GLOBAL_DEFINE VALUES ('SRC_STATE', 'SUB', 'SUB:分支流程中');
DELETE FROM SY_GLOBAL_DEFINE WHERE SGD_FIELD = 'SRC_STATE' AND SGD_VALUE = 'FIN';
INSERT INTO SY_GLOBAL_DEFINE VALUES ('SRC_STATE', 'FIN', 'FIN:完成');
DELETE FROM SY_GLOBAL_DEFINE WHERE SGD_FIELD = 'SRD_EVENT_FLAG' AND SGD_VALUE = 'Y';
INSERT INTO SY_GLOBAL_DEFINE VALUES ('SRD_EVENT_FLAG', 'Y', 'Y-通过');
DELETE FROM SY_GLOBAL_DEFINE WHERE SGD_FIELD = 'SRD_EVENT_FLAG' AND SGD_VALUE = 'N';
INSERT INTO SY_GLOBAL_DEFINE VALUES ('SRD_EVENT_FLAG', 'N', 'N-否决');
DELETE FROM SY_GLOBAL_DEFINE WHERE SGD_FIELD = 'SRD_STATE' AND SGD_VALUE = 'ERR';
INSERT INTO SY_GLOBAL_DEFINE VALUES ('SRD_STATE', 'ERR', 'ERR:出错中断');
DELETE FROM SY_GLOBAL_DEFINE WHERE SGD_FIELD = 'SRD_STATE' AND SGD_VALUE = 'FAT';
INSERT INTO SY_GLOBAL_DEFINE VALUES ('SRD_STATE', 'FAT', 'FAT:主干流程中');
DELETE FROM SY_GLOBAL_DEFINE WHERE SGD_FIELD = 'SRD_STATE' AND SGD_VALUE = 'SUB';
INSERT INTO SY_GLOBAL_DEFINE VALUES ('SRD_STATE', 'SUB', 'SUB:分支流程中');
DELETE FROM SY_GLOBAL_DEFINE WHERE SGD_FIELD = 'SRD_STATE' AND SGD_VALUE = 'FIN';
INSERT INTO SY_GLOBAL_DEFINE VALUES ('SRD_STATE', 'FIN', 'FIN:完成');

-- 权限
DELETE FROM SY_AUT_DEF WHERE SAD_AUT_CODE='CMAPVMNG';
INSERT INTO SY_AUT_DEF VALUES ('CMAPVMNG', 'A', '审批流配置权限', 'A');
DELETE FROM SY_AUT_DEF WHERE SAD_AUT_CODE='CMAPPROV';
INSERT INTO SY_AUT_DEF VALUES ('CMAPPROV', 'B', '审批权限', 'A');

-- 菜单
DELETE FROM SY_MENU WHERE SME_MENU_CODE='CM000001';
INSERT INTO SY_MENU VALUES ('CM000001', '公共服务', NULL, 'CM000001', 0, 2, '/comm', 'A', 'el-icon-k-common');
DELETE FROM SY_MENU WHERE SME_MENU_CODE='CM000002';
INSERT INTO SY_MENU VALUES ('CM000002', '审批流配置', 'CM000001', 'CM000001', 1, 0, '/comm/wkf/approve', 'A', 'el-icon-k-approve');
DELETE FROM SY_MENU WHERE SME_MENU_CODE='CM000003';
INSERT INTO SY_MENU VALUES ('CM000003', '工作代理', 'CM000001', 'CM000001', 1, 0, '/comm/wkf/agent', 'A', 'el-icon-k-wkf-agent');
DELETE FROM SY_MENU WHERE SME_MENU_CODE='CM000004';
INSERT INTO SY_MENU VALUES ('CM000004', '待办', 'CM000001', 'CM000001', 1, 0, '/comm/wkf/schedule', 'A', 'el-icon-k-schedule');
DELETE FROM SY_MENU WHERE SME_MENU_CODE='CM000005';
INSERT INTO SY_MENU VALUES ('CM000005', '流程记录查询', 'CM000001', 'CM000001', 1, 0, '/comm/wkf/record', 'A', 'el-icon-k-wkf-record');

-- 菜单权限关联
DELETE FROM SY_MENU_AUT WHERE SMA_MENU_CODE='CM000001' AND SMA_AUT_CODE='CMAPVMNG';
INSERT INTO SY_MENU_AUT VALUES ('CM000001', 'CMAPVMNG', '公共服务-审批流配置权限'); 
DELETE FROM SY_MENU_AUT WHERE SMA_MENU_CODE='CM000001' AND SMA_AUT_CODE='CMAPPROV';
INSERT INTO SY_MENU_AUT VALUES ('CM000001', 'CMAPPROV', '公共服务-审批权限'); 
DELETE FROM SY_MENU_AUT WHERE SMA_MENU_CODE='CM000002' AND SMA_AUT_CODE='CMAPVMNG';
INSERT INTO SY_MENU_AUT VALUES ('CM000002', 'CMAPVMNG', '审批流配置-审批流配置权限'); 
DELETE FROM SY_MENU_AUT WHERE SMA_MENU_CODE='CM000003' AND SMA_AUT_CODE='CMAPPROV';
INSERT INTO SY_MENU_AUT VALUES ('CM000003', 'CMAPPROV', '工作代理-审批权限'); 
DELETE FROM SY_MENU_AUT WHERE SMA_MENU_CODE='CM000004' AND SMA_AUT_CODE='CMAPPROV';
INSERT INTO SY_MENU_AUT VALUES ('CM000004', 'CMAPPROV', '待办-审批权限'); 
DELETE FROM SY_MENU_AUT WHERE SMA_MENU_CODE='CM000005' AND SMA_AUT_CODE='CMAPPROV';
INSERT INTO SY_MENU_AUT VALUES ('CM000005', 'CMAPPROV', '流程记录查询-审批权限'); 

-- 请求
DELETE FROM SY_REQ_DEF WHERE SRD_REQ_URL='/comm/wkf/queryApproveTree';
INSERT INTO SY_REQ_DEF VALUES ('/comm/wkf/queryApproveTree', '查询审批流树', 'DF', NULL, 'J', 'Y', 'N', '0', 'A');
DELETE FROM SY_REQ_DEF WHERE SRD_REQ_URL='/comm/wkf/addApproveEntity';
INSERT INTO SY_REQ_DEF VALUES ('/comm/wkf/addApproveEntity', '增加审批流实例', 'DF', NULL, 'J', 'Y', 'N', '0', 'A');
DELETE FROM SY_REQ_DEF WHERE SRD_REQ_URL='/comm/wkf/updateApproveEntity';
INSERT INTO SY_REQ_DEF VALUES ('/comm/wkf/updateApproveEntity', '修改审批流实例', 'DF', NULL, 'J', 'Y', 'N', '0', 'A');
DELETE FROM SY_REQ_DEF WHERE SRD_REQ_URL='/comm/wkf/closeApproveEntity';
INSERT INTO SY_REQ_DEF VALUES ('/comm/wkf/closeApproveEntity', '关闭审批流实例', 'DF', NULL, 'J', 'Y', 'N', '0', 'A');
DELETE FROM SY_REQ_DEF WHERE SRD_REQ_URL='/sys/user/queryUser';
INSERT INTO SY_REQ_DEF VALUES ('/sys/user/queryUser', '查询用户列表', 'DF', NULL, 'J', 'Y', 'N', '0', 'A');
DELETE FROM SY_REQ_DEF WHERE SRD_REQ_URL='/comm/wkf/queryNodeWorkers';
INSERT INTO SY_REQ_DEF VALUES ('/comm/wkf/queryNodeWorkers', '查询结点工作组组员', 'DF', NULL, 'J', 'Y', 'N', '0', 'A');
DELETE FROM SY_REQ_DEF WHERE SRD_REQ_URL='/comm/wkf/agent';
INSERT INTO SY_REQ_DEF VALUES ('/comm/wkf/agent', '代理', 'DF', NULL, 'J', 'Y', 'N', '0', 'A');
DELETE FROM SY_REQ_DEF WHERE SRD_REQ_URL='/comm/wkf/cancelAgent';
INSERT INTO SY_REQ_DEF VALUES ('/comm/wkf/cancelAgent', '取消代理', 'DF', NULL, 'J', 'Y', 'N', '0', 'A');
DELETE FROM SY_REQ_DEF WHERE SRD_REQ_URL='/comm/wkf/check';
INSERT INTO SY_REQ_DEF VALUES ('/comm/wkf/check', '签收', 'DF', NULL, 'J', 'Y', 'N', '0', 'A');
DELETE FROM SY_REQ_DEF WHERE SRD_REQ_URL='/comm/wkf/queryScheduleListPage';
INSERT INTO SY_REQ_DEF VALUES ('/comm/wkf/queryScheduleListPage', '分页查询用户待办', 'DF', NULL, 'J', 'Y', 'N', '0', 'A');
DELETE FROM SY_REQ_DEF WHERE SRD_REQ_URL='/sys/user/addUserOpr';
INSERT INTO SY_REQ_DEF VALUES ('/sys/user/addUserOpr', '增加用户经办', 'DF', NULL, 'J', 'Y', 'N', '0', 'A');
DELETE FROM SY_REQ_DEF WHERE SRD_REQ_URL='/comm/wkf/approve';
INSERT INTO SY_REQ_DEF VALUES ('/comm/wkf/approve', '审批', 'DF', NULL, 'J', 'Y', 'N', '0', 'A');
DELETE FROM SY_REQ_DEF WHERE SRD_REQ_URL='/comm/wkf/queryWkfRecordListPage';
INSERT INTO SY_REQ_DEF VALUES ('/comm/wkf/queryWkfRecordListPage', '分页查询流程执行记录', 'DF', NULL, 'J', 'Y', 'N', '0', 'A');

-- 请求权限关联
DELETE FROM SY_REQ_AUT WHERE SRA_REQ_URL='/comm/wkf/queryApproveTree' AND SRA_AUT_CODE='CMAPPROV';
INSERT INTO SY_REQ_AUT VALUES ('/comm/wkf/queryApproveTree', 'CMAPPROV', '查询审批流树-审批权限');
DELETE FROM SY_REQ_AUT WHERE SRA_REQ_URL='/comm/wkf/addApproveEntity' AND SRA_AUT_CODE='CMAPVMNG';
INSERT INTO SY_REQ_AUT VALUES ('/comm/wkf/addApproveEntity', 'CMAPVMNG', '增加审批流实例-审批流配置权限');
DELETE FROM SY_REQ_AUT WHERE SRA_REQ_URL='/comm/wkf/updateApproveEntity' AND SRA_AUT_CODE='CMAPVMNG';
INSERT INTO SY_REQ_AUT VALUES ('/comm/wkf/updateApproveEntity', 'CMAPVMNG', '修改审批流实例-审批流配置权限');
DELETE FROM SY_REQ_AUT WHERE SRA_REQ_URL='/comm/wkf/closeApproveEntity' AND SRA_AUT_CODE='CMAPVMNG';
INSERT INTO SY_REQ_AUT VALUES ('/comm/wkf/closeApproveEntity', 'CMAPVMNG', '关闭审批流实例-审批流配置权限');
DELETE FROM SY_REQ_AUT WHERE SRA_REQ_URL='/sys/user/queryUser' AND SRA_AUT_CODE='SYUSRMNG';
INSERT INTO SY_REQ_AUT VALUES ('/sys/user/queryUser', 'SYUSRMNG', '查询用户列表-用户管理');
DELETE FROM SY_REQ_AUT WHERE SRA_REQ_URL='/sys/user/queryUser' AND SRA_AUT_CODE='CMAPVMNG';
INSERT INTO SY_REQ_AUT VALUES ('/sys/user/queryUser', 'CMAPVMNG', '查询用户列表-审批流配置权限');
DELETE FROM SY_REQ_AUT WHERE SRA_REQ_URL='/sys/user/queryUser' AND SRA_AUT_CODE='CMAPPROV';
INSERT INTO SY_REQ_AUT VALUES ('/sys/user/queryUser', 'CMAPPROV', '查询用户列表-审批权限');
DELETE FROM SY_REQ_AUT WHERE SRA_REQ_URL='/comm/wkf/queryNodeWorkers' AND SRA_AUT_CODE='CMAPVMNG';
INSERT INTO SY_REQ_AUT VALUES ('/comm/wkf/queryNodeWorkers', 'CMAPVMNG', '查询结点工作组组员-审批流配置权限');
DELETE FROM SY_REQ_AUT WHERE SRA_REQ_URL='/comm/wkf/queryNodeWorkers' AND SRA_AUT_CODE='CMAPPROV';
INSERT INTO SY_REQ_AUT VALUES ('/comm/wkf/queryNodeWorkers', 'CMAPPROV', '查询结点工作组组员-审批权限');
DELETE FROM SY_REQ_AUT WHERE SRA_REQ_URL='/comm/wkf/cancelAgent' AND SRA_AUT_CODE='CMAPVMNG';
INSERT INTO SY_REQ_AUT VALUES ('/comm/wkf/cancelAgent', 'CMAPVMNG', '取消代理-审批流配置权限');
DELETE FROM SY_REQ_AUT WHERE SRA_REQ_URL='/comm/wkf/cancelAgent' AND SRA_AUT_CODE='CMAPPROV';
INSERT INTO SY_REQ_AUT VALUES ('/comm/wkf/cancelAgent', 'CMAPPROV', '取消代理-审批权限');
DELETE FROM SY_REQ_AUT WHERE SRA_REQ_URL='/comm/wkf/agent' AND SRA_AUT_CODE='CMAPVMNG';
INSERT INTO SY_REQ_AUT VALUES ('/comm/wkf/agent', 'CMAPVMNG', '代理-审批流配置权限');
DELETE FROM SY_REQ_AUT WHERE SRA_REQ_URL='/comm/wkf/agent' AND SRA_AUT_CODE='CMAPPROV';
INSERT INTO SY_REQ_AUT VALUES ('/comm/wkf/agent', 'CMAPPROV', '代理-审批权限');
DELETE FROM SY_REQ_AUT WHERE SRA_REQ_URL='/comm/wkf/check' AND SRA_AUT_CODE='CMAPPROV';
INSERT INTO SY_REQ_AUT VALUES ('/comm/wkf/check', 'CMAPPROV', '签收-审批权限');
DELETE FROM SY_REQ_AUT WHERE SRA_REQ_URL='/comm/wkf/queryScheduleListPage' AND SRA_AUT_CODE='CMAPPROV';
INSERT INTO SY_REQ_AUT VALUES ('/comm/wkf/queryScheduleListPage', 'CMAPPROV', '分页查询用户待办-审批权限');
DELETE FROM SY_REQ_AUT WHERE SRA_REQ_URL='/sys/user/addUserOpr' AND SRA_AUT_CODE='SYUSRMNG';
INSERT INTO SY_REQ_AUT VALUES ('/sys/user/addUserOpr', 'SYUSRMNG', '增加用户经办-用户管理');
DELETE FROM SY_REQ_AUT WHERE SRA_REQ_URL='/comm/wkf/approve' AND SRA_AUT_CODE='CMAPPROV';
INSERT INTO SY_REQ_AUT VALUES ('/comm/wkf/approve', 'CMAPPROV', '审批-审批权限');
DELETE FROM SY_REQ_AUT WHERE SRA_REQ_URL='/comm/wkf/queryWkfRecordListPage' AND SRA_AUT_CODE='CMAPPROV';
INSERT INTO SY_REQ_AUT VALUES ('/comm/wkf/queryWkfRecordListPage', 'CMAPPROV', '分页查询流程执行记录-审批权限');

-- 工作流定义
DELETE FROM SY_WKF_DEFINE WHERE SWD_WKF_CODE='A001';
INSERT INTO SY_WKF_DEFINE VALUES ('A001', '多级审批', 'A1', 'SI', 'Y', 'A');

-- 工作流实例-业务控制表
DELETE FROM SY_WKF_ENTITY_BUSINESS WHERE SEB_WKF_CODE='A001' AND SEB_BUSINESS_TYPE='SYUSRMNG00';
INSERT INTO SY_WKF_ENTITY_BUSINESS VALUES ('A001', 'SYUSRMNG00', 'Y', NULL, NULL);

-- 结点模板
DELETE FROM SY_WKF_NODE_TEMPLATE WHERE SNT_TEMPLATE_CID = 'T0000001';
INSERT INTO SY_WKF_NODE_TEMPLATE VALUES ('T0000001', '审批流终审结点', 'A001', null, 'E2', 'T2', 'com.kool.system.wkfhandler.UserManagerApproveHandler', 'R1', 'A2', null, 'SI', null, null, 'N', null);
