-- 用户
delete from SY_USER_INFO;
INSERT INTO SY_USER_INFO VALUES ('0000000001', 'kool', 'SA', '', 'luyuzjut@163.com', '3f62de1ff5c0337e3dcefc465bf2bb35346599f1d6acbba9094207aa9d181221', 'bf769', 'bf769', '3', null, 'A', '0', '2018-07-12 23:35:53', 'Y', '5673fd6e30bd48b5a4fefe90db022300', '9999');
INSERT INTO SY_USER_INFO VALUES ('0000000002', 'admin', 'AD', null, null, '3f35d3a1ec49172acc0a1592c5c2c1f0aa91d10b51c4e34475ab6130ce6c5c1e', '7dc92', '7dc92', '3', null, 'A', '0', '2018-07-04 19:56:46', 'Y', '6859ea50e5c74ebda3467cb6e3f1b099', null);
INSERT INTO SY_USER_INFO VALUES ('0000000003', 'aa', 'UR', null, null, 'fde14267bfdf3f5a0561d8d703e926e03e1059fb05d27a660599606ece3196ef', '6ee9b', '6ee9b', '3', null, 'A', '0', '2018-07-04 19:57:13', 'Y', '47e8ce878764439c94c1e802397c1dc7', null);
INSERT INTO SY_USER_INFO VALUES ('0000000004', 'bb', 'VR', null, null, '3f860f53df8eebc6ec2f5ad1a88a0d204f55cb5ee629f94a646a41b397810303', 'ea7ef', 'ea7ef', '3', null, 'A', '0', '2018-07-04 19:57:13', 'Y', '4bcd8736adf843d6aa045be4de2e504a', null);

-- 缓存
delete from SY_CACHE_CTL;
INSERT INTO SY_CACHE_CTL VALUES ('ERRCOD', '错误码', 'com.kool.system.cache.ErrorCodeLoader');
INSERT INTO SY_CACHE_CTL VALUES ('GLOBAL_DEF', '预定义', 'com.kool.system.cache.GlobalDefineLoader');
INSERT INTO SY_CACHE_CTL VALUES ('MENU', '菜单', 'com.kool.system.cache.MenuLoader');
INSERT INTO SY_CACHE_CTL VALUES ('PARAM', '参数', 'com.kool.system.cache.ParamLoader');
INSERT INTO SY_CACHE_CTL VALUES ('REQ', '请求', 'com.kool.system.cache.ReqLoader');
INSERT INTO SY_CACHE_CTL VALUES ('USER', '用户', 'com.kool.system.cache.UserInfoLoader');
INSERT INTO SY_CACHE_CTL VALUES ('USER_MENU', '用户菜单关系', 'com.kool.system.cache.UserMenuLoader');
INSERT INTO SY_CACHE_CTL VALUES ('USER_REQ', '用户请求关系', 'com.kool.system.cache.UserReqLoader');
INSERT INTO SY_CACHE_CTL VALUES ('AUT', '权限', 'com.kool.system.cache.AutLoader');
INSERT INTO SY_CACHE_CTL VALUES ('ROLE', '角色', 'com.kool.system.cache.RoleLoader');
INSERT INTO SY_CACHE_CTL VALUES ('ROLE_GROUP', '角色组', 'com.kool.system.cache.RoleGroupLoader');

-- 计数器
delete from SY_COUNTER;
INSERT INTO SY_COUNTER VALUES ('99USRCID', '用户号', '0000000004', '0000000000', '9999999999', '1', 'E', 'N', NULL, 'A');

-- 错误码
delete from SY_ERROR_INFO;
INSERT INTO SY_ERROR_INFO VALUES ('SY000001', '登录名不存在或密码错误', NULL);
INSERT INTO SY_ERROR_INFO VALUES ('SY000002', '密码错误次数达到5次，请修改密码！', NULL);
INSERT INTO SY_ERROR_INFO VALUES ('SY000003', '登录名不存在或密码错误', NULL);
INSERT INTO SY_ERROR_INFO VALUES ('SY000004', '密码不一致', NULL);
INSERT INTO SY_ERROR_INFO VALUES ('SY000005', '用户名已经存在', NULL);
INSERT INTO SY_ERROR_INFO VALUES ('SY000006', '加数为空', NULL);
INSERT INTO SY_ERROR_INFO VALUES ('SY000007', '延时器出错', NULL);
INSERT INTO SY_ERROR_INFO VALUES ('SY000008', '时间格式错误', NULL);
INSERT INTO SY_ERROR_INFO VALUES ('SY000009', '计数器不存在', NULL);
INSERT INTO SY_ERROR_INFO VALUES ('SY000010', '加载菜单异常', NULL);
INSERT INTO SY_ERROR_INFO VALUES ('SY000011', '文件路径为空!', NULL);
INSERT INTO SY_ERROR_INFO VALUES ('SY000012', '文件不存在', NULL);
INSERT INTO SY_ERROR_INFO VALUES ('SY000013', '读文件异常', NULL);
INSERT INTO SY_ERROR_INFO VALUES ('SY000014', '增加菜单出错，菜单信息为空', NULL);
INSERT INTO SY_ERROR_INFO VALUES ('SY000015', '数据转换错误！', NULL);
INSERT INTO SY_ERROR_INFO VALUES ('SY000016', '修改菜单出错，菜单信息为空', NULL);
INSERT INTO SY_ERROR_INFO VALUES ('SY000017', '删除菜单出错，菜单信息为空', NULL);
INSERT INTO SY_ERROR_INFO VALUES ('SY000018', '用户信息为空', NULL);
INSERT INTO SY_ERROR_INFO VALUES ('SY000019', '用户号为空', NULL);
INSERT INTO SY_ERROR_INFO VALUES ('SY000020', '用户[%1]不存在', NULL);
INSERT INTO SY_ERROR_INFO VALUES ('SY000021', '用户状态[%1]不允许被解冻', NULL);
INSERT INTO SY_ERROR_INFO VALUES ('SY000022', '用户状态[%1]不允许被冻结', NULL);
INSERT INTO SY_ERROR_INFO VALUES ('SY000023', '密码格式错误', NULL);
INSERT INTO SY_ERROR_INFO VALUES ('SY000024', '授权信息为空', NULL);
INSERT INTO SY_ERROR_INFO VALUES ('SY000025', '授权信息中缺少用户号', NULL);
INSERT INTO SY_ERROR_INFO VALUES ('SY000026', '权限信息为空', NULL);
INSERT INTO SY_ERROR_INFO VALUES ('SY000027', '输入信息为空', NULL);
INSERT INTO SY_ERROR_INFO VALUES ('SY000028', '输入主键为空', NULL);
INSERT INTO SY_ERROR_INFO VALUES ('SY000029', '角色编码为空', NULL);
INSERT INTO SY_ERROR_INFO VALUES ('SY000030', '权限[%1]已使用，无法删除，请先取消用户权限关联', NULL);
INSERT INTO SY_ERROR_INFO VALUES ('SY000031', '权限[%1]已使用，无法删除，请先取消角色权限关联', NULL);
INSERT INTO SY_ERROR_INFO VALUES ('SY000032', '权限[%1]已使用，无法删除，请先取消角色组权限关联', NULL);
INSERT INTO SY_ERROR_INFO VALUES ('SY000033', '权限[%1]已使用，无法删除，请先取消菜单权限关联', NULL);
INSERT INTO SY_ERROR_INFO VALUES ('SY000034', '权限[%1]已使用，无法删除，请先取消请求权限关联', NULL);
INSERT INTO SY_ERROR_INFO VALUES ('SY000035', '角色组编码为空', NULL);
INSERT INTO SY_ERROR_INFO VALUES ('SY000036', '字段[%1]为空', NULL);
INSERT INTO SY_ERROR_INFO VALUES ('SY000037', '字段[%1]小于最小长度[%2]', NULL);
INSERT INTO SY_ERROR_INFO VALUES ('SY000038', '字段[%1]大于最大长度[%2]', NULL);
INSERT INTO SY_ERROR_INFO VALUES ('SY000039', '字段[%1]小于最小值[%2]', NULL);
INSERT INTO SY_ERROR_INFO VALUES ('SY000040', '字段[%1]大于最大值[%2]', NULL);
INSERT INTO SY_ERROR_INFO VALUES ('SY000041', '参数码已经存在', NULL);
INSERT INTO SY_ERROR_INFO VALUES ('SY000042', '权限码已经存在', NULL);
INSERT INTO SY_ERROR_INFO VALUES ('SY000043', '菜单码已经存在', NULL);
INSERT INTO SY_ERROR_INFO VALUES ('SY000044', '请求URL已经存在', NULL);
INSERT INTO SY_ERROR_INFO VALUES ('SY000045', '角色码已经存在', NULL);
INSERT INTO SY_ERROR_INFO VALUES ('SY000046', '角色组编码已经存在', NULL);
INSERT INTO SY_ERROR_INFO VALUES ('SY000047', '输入为空', NULL);
INSERT INTO SY_ERROR_INFO VALUES ('SY000048', '权限码为空', NULL);
INSERT INTO SY_ERROR_INFO VALUES ('SY000049', '上传头像失败！', NULL);
INSERT INTO SY_ERROR_INFO VALUES ('SY000050', '角色有关联用户，无法删除', NULL);
INSERT INTO SY_ERROR_INFO VALUES ('SY000051', '角色组有关联的角色，无法删除', NULL);
INSERT INTO SY_ERROR_INFO VALUES ('SY000052', '错误码已经存在', NULL);
INSERT INTO SY_ERROR_INFO VALUES ('SY000053', '权限码已经存在', NULL);
INSERT INTO SY_ERROR_INFO VALUES ('SY000054', '计数器编码已经存在', NULL);
INSERT INTO SY_ERROR_INFO VALUES ('SY000055', '获取请求参数失败', NULL);
INSERT INTO SY_ERROR_INFO VALUES ('SY000056', '加密标志错误', NULL);
INSERT INTO SY_ERROR_INFO VALUES ('SY000057', '请求发起方信息为空，请求不通过', NULL);
INSERT INTO SY_ERROR_INFO VALUES ('SY000058', '请求发起方无请求[%1]的访问权限', NULL);
INSERT INTO SY_ERROR_INFO VALUES ('SY000059', '获取用户信息失败，请刷新缓存后重试', NULL);
INSERT INTO SY_ERROR_INFO VALUES ('SY000060', '获取权限信息失败，请刷新缓存后重试', NULL);
INSERT INTO SY_ERROR_INFO VALUES ('SY000061', '授权[%1]失败，用户类型[%2]无法授权权限类型[%3]的权限', NULL);
INSERT INTO SY_ERROR_INFO VALUES ('SY000062', '系统异常，请联系管理员！异常码：%1', NULL);
INSERT INTO SY_ERROR_INFO VALUES ('SY000063', '用户当前状态[%1]，无法登录，请联系管理员修改用户状态！', NULL);
INSERT INTO SY_ERROR_INFO VALUES ('SY000064', '操作用户类型[%1]，无法修改用户类型[%2]的信息', NULL);
INSERT INTO SY_ERROR_INFO VALUES ('SY000065', '未定义的用户类型[%1]', NULL);

-- 预定义
delete from SY_GLOBAL_DEFINE;
INSERT INTO SY_GLOBAL_DEFINE VALUES ('SME_STATE', 'A', 'A-正常');
INSERT INTO SY_GLOBAL_DEFINE VALUES ('SME_STATE', 'C', 'C-关闭');
INSERT INTO SY_GLOBAL_DEFINE VALUES ('SUI_STATE', 'A', 'A-正常');
INSERT INTO SY_GLOBAL_DEFINE VALUES ('SUI_STATE', 'C', 'C-关闭');
INSERT INTO SY_GLOBAL_DEFINE VALUES ('SUI_STATE', 'E', 'E-异常');
INSERT INTO SY_GLOBAL_DEFINE VALUES ('SUI_STATE', 'F', 'F-冻结');
INSERT INTO SY_GLOBAL_DEFINE VALUES ('SUI_STATE', 'P', 'P-非工作');
INSERT INTO SY_GLOBAL_DEFINE VALUES ('SUI_TYPE', 'SA', 'SA-超级管理员');
INSERT INTO SY_GLOBAL_DEFINE VALUES ('SUI_TYPE', 'AD', 'AD-管理员');
INSERT INTO SY_GLOBAL_DEFINE VALUES ('SUI_TYPE', 'UR', 'UR-一般用户');
INSERT INTO SY_GLOBAL_DEFINE VALUES ('SUI_TYPE', 'VR', 'VR-游客');
INSERT INTO SY_GLOBAL_DEFINE VALUES ('SUI_HAS_KEY', 'Y', 'Y-是');
INSERT INTO SY_GLOBAL_DEFINE VALUES ('SUI_HAS_KEY', 'N', 'N-否');
INSERT INTO SY_GLOBAL_DEFINE VALUES ('SRD_DBPOOL_TYPE', 'RC', 'RC-读实时');
INSERT INTO SY_GLOBAL_DEFINE VALUES ('SRD_DBPOOL_TYPE', 'RH', 'RH-读历史');
INSERT INTO SY_GLOBAL_DEFINE VALUES ('SRD_DBPOOL_TYPE', 'WC', 'WC-写实时');
INSERT INTO SY_GLOBAL_DEFINE VALUES ('SRD_DBPOOL_TYPE', 'WH', 'WH-写历史');
INSERT INTO SY_GLOBAL_DEFINE VALUES ('SRD_DBPOOL_TYPE', 'DF', 'DF-默认连接池');
INSERT INTO SY_GLOBAL_DEFINE VALUES ('SRD_MSG_TYPE', 'J', 'J-JSON');
INSERT INTO SY_GLOBAL_DEFINE VALUES ('SRD_MSG_TYPE', 'X', 'X-XML');
INSERT INTO SY_GLOBAL_DEFINE VALUES ('SRD_SIGN_FLAG', 'Y', 'Y-验签');
INSERT INTO SY_GLOBAL_DEFINE VALUES ('SRD_SIGN_FLAG', 'N', 'N-不验签');
INSERT INTO SY_GLOBAL_DEFINE VALUES ('SRD_ENCRYPT', 'Y', 'Y-是');
INSERT INTO SY_GLOBAL_DEFINE VALUES ('SRD_ENCRYPT', 'N', 'N-否');
INSERT INTO SY_GLOBAL_DEFINE VALUES ('SRD_CHANNEL', '0', '0-web');
INSERT INTO SY_GLOBAL_DEFINE VALUES ('SRD_CHANNEL', '1', '1-桌面客户端');
INSERT INTO SY_GLOBAL_DEFINE VALUES ('SRD_CHANNEL', '2', '2-微信公众号');
INSERT INTO SY_GLOBAL_DEFINE VALUES ('SRD_CHANNEL', '3', '3-APP');
INSERT INTO SY_GLOBAL_DEFINE VALUES ('SRD_CHANNEL', '9', '9-外部');
INSERT INTO SY_GLOBAL_DEFINE VALUES ('SRD_STATE', 'A', 'A-正常');
INSERT INTO SY_GLOBAL_DEFINE VALUES ('SRD_STATE', 'C', 'C-关闭');
INSERT INTO SY_GLOBAL_DEFINE VALUES ('SAD_STATE', 'A', 'A-正常');
INSERT INTO SY_GLOBAL_DEFINE VALUES ('SAD_STATE', 'C', 'C-关闭');
INSERT INTO SY_GLOBAL_DEFINE VALUES ('SCO_OVER', 'E', 'E-溢出报错');
INSERT INTO SY_GLOBAL_DEFINE VALUES ('SCO_OVER', 'R', 'R-溢出重置');
INSERT INTO SY_GLOBAL_DEFINE VALUES ('SCO_RESET_PERIOD', 'N', 'N-不重置');
INSERT INTO SY_GLOBAL_DEFINE VALUES ('SCO_RESET_PERIOD', 'D', 'D-日');
INSERT INTO SY_GLOBAL_DEFINE VALUES ('SCO_RESET_PERIOD', 'W', 'W-周');
INSERT INTO SY_GLOBAL_DEFINE VALUES ('SCO_RESET_PERIOD', 'M', 'M-月');
INSERT INTO SY_GLOBAL_DEFINE VALUES ('SCO_RESET_PERIOD', 'Y', 'Y-年');
INSERT INTO SY_GLOBAL_DEFINE VALUES ('SCO_STATE', 'A', 'A-正常');
INSERT INTO SY_GLOBAL_DEFINE VALUES ('SCO_STATE', 'C', 'C-关闭');
INSERT INTO SY_GLOBAL_DEFINE VALUES ('SCO_STATE', 'E', 'E-溢出报错');
INSERT INTO SY_GLOBAL_DEFINE VALUES ('SRO_STATE', 'A', 'A-正常');
INSERT INTO SY_GLOBAL_DEFINE VALUES ('SRO_STATE', 'C', 'C-关闭');
INSERT INTO SY_GLOBAL_DEFINE VALUES ('SRG_STATE', 'A', 'A-正常');
INSERT INTO SY_GLOBAL_DEFINE VALUES ('SRG_STATE', 'C', 'C-关闭');
INSERT INTO SY_GLOBAL_DEFINE VALUES ('SAD_TYPE', 'S', 'S-超级管理员权限');
INSERT INTO SY_GLOBAL_DEFINE VALUES ('SAD_TYPE', 'A', 'A-管理员权限');
INSERT INTO SY_GLOBAL_DEFINE VALUES ('SAD_TYPE', 'B', 'B-普通权限');
INSERT INTO SY_GLOBAL_DEFINE VALUES ('SAD_TYPE', 'C', 'C-游客权限');

-- 权限定义
delete from SY_AUT_DEF;
INSERT INTO SY_AUT_DEF VALUES ('SYBASIC0', 'C', '基本访问权限', 'A');
INSERT INTO SY_AUT_DEF VALUES ('SYUSRMNG', 'A', '用户管理', 'A');
INSERT INTO SY_AUT_DEF VALUES ('SYAUTMNG', 'S', '权限管理', 'A'); 
INSERT INTO SY_AUT_DEF VALUES ('SYMNUMNG', 'S', '菜单管理', 'A');
INSERT INTO SY_AUT_DEF VALUES ('SYREQMNG', 'S', '请求管理', 'A');
INSERT INTO SY_AUT_DEF VALUES ('SYROLMNG', 'A', '角色管理', 'A'); 
INSERT INTO SY_AUT_DEF VALUES ('SYRGPMNG', 'A', '角色组管理', 'A'); 
INSERT INTO SY_AUT_DEF VALUES ('SYPAMMNG', 'S', '参数管理', 'A'); 
INSERT INTO SY_AUT_DEF VALUES ('SYERRMNG', 'S', '错误码管理', 'A'); 
INSERT INTO SY_AUT_DEF VALUES ('SYCNTMNG', 'S', '计数器管理', 'A'); 
INSERT INTO SY_AUT_DEF VALUES ('SYCHEMNG', 'S', '缓存管理', 'A'); 

-- 菜单、菜单权限关联
delete from SY_MENU;
delete from SY_MENU_AUT;
INSERT INTO SY_MENU VALUES ('SY000000', '首页', NULL, 'SY000000', 0, 0, '/home', 'A', 'el-icon-k-home2');
INSERT INTO SY_MENU_AUT VALUES ('SY000000', 'SYBASIC0', '首页-基本访问权限'); 
INSERT INTO SY_MENU VALUES ('SY000001', '平台运维', NULL, 'SY000001', 0, 1, '/sys', 'A', 'el-icon-k-setting');
INSERT INTO SY_MENU_AUT VALUES ('SY000001', 'SYUSRMNG', '平台运维-用户管理'); 
INSERT INTO SY_MENU_AUT VALUES ('SY000001', 'SYAUTMNG', '平台运维-权限管理'); 
INSERT INTO SY_MENU_AUT VALUES ('SY000001', 'SYMNUMNG', '平台运维-菜单管理'); 
INSERT INTO SY_MENU_AUT VALUES ('SY000001', 'SYREQMNG', '平台运维-请求管理'); 
INSERT INTO SY_MENU_AUT VALUES ('SY000001', 'SYROLMNG', '平台运维-角色管理'); 
INSERT INTO SY_MENU_AUT VALUES ('SY000001', 'SYRGPMNG', '平台运维-角色组管理'); 
INSERT INTO SY_MENU_AUT VALUES ('SY000001', 'SYPAMMNG', '平台运维-参数管理'); 
INSERT INTO SY_MENU_AUT VALUES ('SY000001', 'SYERRMNG', '平台运维-错误码管理'); 
INSERT INTO SY_MENU_AUT VALUES ('SY000001', 'SYCHEMNG', '平台运维-缓存管理'); 
INSERT INTO SY_MENU_AUT VALUES ('SY000001', 'SYCNTMNG', '平台运维-计数器管理'); 
INSERT INTO SY_MENU VALUES ('SY000002', '用户管理', 'SY000001', 'SY000001', 1, 0, '/sys-user', 'A', 'el-icon-k-user-setting');
INSERT INTO SY_MENU_AUT VALUES ('SY000002', 'SYUSRMNG', '用户管理-用户管理'); 
INSERT INTO SY_MENU VALUES ('SY000003', '权限管理', 'SY000001', 'SY000001', 1, 1, '/sys-auth', 'A', 'el-icon-k-management');
INSERT INTO SY_MENU_AUT VALUES ('SY000003', 'SYAUTMNG', '权限管理-权限管理'); 
INSERT INTO SY_MENU VALUES ('SY000004', '菜单管理', 'SY000001', 'SY000001', 1, 2, '/sys-menu', 'A', 'el-icon-k-menu');
INSERT INTO SY_MENU_AUT VALUES ('SY000004', 'SYMNUMNG', '菜单管理-菜单管理'); 
INSERT INTO SY_MENU VALUES ('SY000005', '请求管理', 'SY000001', 'SY000001', 1, 3, '/sys-req', 'A', 'el-icon-k-req');
INSERT INTO SY_MENU_AUT VALUES ('SY000005', 'SYREQMNG', '请求管理-请求管理'); 
INSERT INTO SY_MENU VALUES ('SY000006', '角色管理', 'SY000001', 'SY000001', 1, 4, '/sys-role', 'A', 'el-icon-k-role');
INSERT INTO SY_MENU_AUT VALUES ('SY000006', 'SYROLMNG', '角色管理-角色管理'); 
INSERT INTO SY_MENU VALUES ('SY000007', '角色组管理', 'SY000001', 'SY000001', 1, 5, '/sys-group', 'A', 'el-icon-k-group');
INSERT INTO SY_MENU_AUT VALUES ('SY000007', 'SYRGPMNG', '角色组管理-角色组管理'); 
INSERT INTO SY_MENU VALUES ('SY000008', '参数管理', 'SY000001', 'SY000001', 1, 6, '/sys-param', 'A', 'el-icon-k-param');
INSERT INTO SY_MENU_AUT VALUES ('SY000008', 'SYPAMMNG', '参数管理-参数管理'); 
INSERT INTO SY_MENU VALUES ('SY000009', '错误码管理', 'SY000001', 'SY000001', 1, 7, '/sys-errCod', 'A', 'el-icon-k-errCod');
INSERT INTO SY_MENU_AUT VALUES ('SY000009', 'SYERRMNG', '错误码管理-错误码管理'); 
INSERT INTO SY_MENU VALUES ('SY000010', '缓存管理', 'SY000001', 'SY000001', 1, 9, '/sys-cache', 'A', 'el-icon-k-cache');
INSERT INTO SY_MENU_AUT VALUES ('SY000010', 'SYCHEMNG', '缓存管理-缓存管理'); 
INSERT INTO SY_MENU VALUES ('SY000011', '计数器管理', 'SY000001', 'SY000001', 1, 8, '/sys-counter', 'A', 'el-icon-k-counter');
INSERT INTO SY_MENU_AUT VALUES ('SY000011', 'SYCNTMNG', '计数器管理-计数器管理'); 

-- 请求、请求权限关联
delete from SY_REQ_DEF;
delete from SY_REQ_AUT;
INSERT INTO SY_REQ_DEF VALUES ('/refresh', '刷新', 'DF', NULL, 'J', 'N', 'N', '0', 'A');
INSERT INTO SY_REQ_DEF VALUES ('/test', '测试', 'DF', NULL, 'J', 'N', 'N', '0', 'A');
INSERT INTO SY_REQ_DEF VALUES ('/sys/user/preLogin', '预登录', 'DF', NULL, 'J', 'N', 'N', '0', 'A');
INSERT INTO SY_REQ_AUT VALUES ('/sys/user/preLogin', 'SYBASIC0', '预登录-基本访问权限');
INSERT INTO SY_REQ_DEF VALUES ('/sys/user/login', '登录', 'DF', NULL, 'J', 'N', 'N', '0', 'A');
INSERT INTO SY_REQ_AUT VALUES ('/sys/user/login', 'SYBASIC0', '登录-基本访问权限');
INSERT INTO SY_REQ_DEF VALUES ('/sys/user/queryUserMenu', '查询用户有权限的菜单', 'DF', NULL, 'J', 'Y', 'N', '0', 'A');
INSERT INTO SY_REQ_AUT VALUES ('/sys/user/queryUserMenu', 'SYBASIC0', '查询用户有权限的菜单-基本访问权限');
INSERT INTO SY_REQ_DEF VALUES ('/sys/user/logout', '安全退出', 'DF', NULL, 'J', 'N', 'N', '0', 'A');
INSERT INTO SY_REQ_AUT VALUES ('/sys/user/logout', 'SYBASIC0', '安全退出-基本访问权限');
INSERT INTO SY_REQ_DEF VALUES ('/sys/user/register', '注册', 'DF', NULL, 'J', 'N', 'N', '0', 'A');
INSERT INTO SY_REQ_AUT VALUES ('/sys/user/register', 'SYBASIC0', '注册-基本访问权限');
INSERT INTO SY_REQ_DEF VALUES ('/sys/user/resetAut', '用户授权', 'DF', NULL, 'J', 'Y', 'N', '0', 'A');
INSERT INTO SY_REQ_AUT VALUES ('/sys/user/resetAut', 'SYUSRMNG', '用户授权-用户管理');
INSERT INTO SY_REQ_DEF VALUES ('/sys/user/freezeUser', '冻结', 'DF', NULL, 'J', 'Y', 'N', '0', 'A');
INSERT INTO SY_REQ_AUT VALUES ('/sys/user/freezeUser', 'SYUSRMNG', '冻结-用户管理');
INSERT INTO SY_REQ_DEF VALUES ('/sys/user/queryUserAut', '查询用户权限列表', 'DF', NULL, 'J', 'Y', 'N', '0', 'A');
INSERT INTO SY_REQ_AUT VALUES ('/sys/user/queryUserAut', 'SYUSRMNG', '查询用户权限列表-用户管理');
INSERT INTO SY_REQ_DEF VALUES ('/sys/user/queryUserRole', '查询用户角色列表', 'DF', NULL, 'J', 'Y', 'N', '0', 'A');
INSERT INTO SY_REQ_AUT VALUES ('/sys/user/queryUserRole', 'SYUSRMNG', '查询用户角色列表-用户管理');
INSERT INTO SY_REQ_DEF VALUES ('/sys/user/resetPwd', '重置密码', 'DF', NULL, 'J', 'Y', 'N', '0', 'A');
INSERT INTO SY_REQ_AUT VALUES ('/sys/user/resetPwd', 'SYUSRMNG', '重置密码-用户管理');
INSERT INTO SY_REQ_DEF VALUES ('/sys/user/setRole', '赋予角色', 'DF', NULL, 'J', 'Y', 'N', '0', 'A');
INSERT INTO SY_REQ_AUT VALUES ('/sys/user/setRole', 'SYUSRMNG', '赋予角色-用户管理');
INSERT INTO SY_REQ_DEF VALUES ('/sys/user/unfreezeUser', '解冻', 'DF', NULL, 'J', 'Y', 'N', '0', 'A');
INSERT INTO SY_REQ_AUT VALUES ('/sys/user/unfreezeUser', 'SYUSRMNG', '解冻-用户管理');
INSERT INTO SY_REQ_DEF VALUES ('/sys/user/updatePwd', '修改密码', 'DF', NULL, 'J', 'Y', 'N', '0', 'A');
INSERT INTO SY_REQ_AUT VALUES ('/sys/user/updatePwd', 'SYBASIC0', '修改密码-用户管理');
INSERT INTO SY_REQ_DEF VALUES ('/sys/user/uploadFace', '上传头像', 'DF', NULL, 'J', 'N', 'N', '0', 'A');
INSERT INTO SY_REQ_AUT VALUES ('/sys/user/uploadFace', 'SYBASIC0', '上传头像-用户管理');
INSERT INTO SY_REQ_DEF VALUES ('/sys/user/addUser', '增加用户', 'DF', NULL, 'J', 'Y', 'N', '0', 'A');
INSERT INTO SY_REQ_AUT VALUES ('/sys/user/addUser', 'SYUSRMNG', '增加用户-用户管理');
INSERT INTO SY_REQ_DEF VALUES ('/sys/user/queryUserDetail', '查询用户详情', 'DF', NULL, 'J', 'Y', 'N', '0', 'A');
INSERT INTO SY_REQ_AUT VALUES ('/sys/user/queryUserDetail', 'SYBASIC0', '查询用户详情-用户管理');
INSERT INTO SY_REQ_DEF VALUES ('/sys/user/queryUserListPage', '分页查询用户信息列表', 'DF', NULL, 'J', 'Y', 'N', '0', 'A');
INSERT INTO SY_REQ_AUT VALUES ('/sys/user/queryUserListPage', 'SYUSRMNG', '分页查询用户信息列表-用户管理');
INSERT INTO SY_REQ_DEF VALUES ('/sys/user/updateUser', '修改用户信息', 'DF', NULL, 'J', 'Y', 'N', '0', 'A');
INSERT INTO SY_REQ_AUT VALUES ('/sys/user/updateUser', 'SYUSRMNG', '修改用户信息-用户管理');
INSERT INTO SY_REQ_DEF VALUES ('/sys/aut/addAut', '增加权限', 'DF', NULL, 'J', 'Y', 'N', '0', 'A');
INSERT INTO SY_REQ_AUT VALUES ('/sys/aut/addAut', 'SYAUTMNG', '增加权限-权限管理');
INSERT INTO SY_REQ_DEF VALUES ('/sys/aut/bindMenu', '绑定菜单', 'DF', NULL, 'J', 'Y', 'N', '0', 'A');
INSERT INTO SY_REQ_AUT VALUES ('/sys/aut/bindMenu', 'SYAUTMNG', '绑定菜单-权限管理');
INSERT INTO SY_REQ_DEF VALUES ('/sys/aut/bindReq', '绑定请求', 'DF', NULL, 'J', 'Y', 'N', '0', 'A');
INSERT INTO SY_REQ_AUT VALUES ('/sys/aut/bindReq', 'SYAUTMNG', '绑定请求-权限管理');
INSERT INTO SY_REQ_DEF VALUES ('/sys/aut/deleteAut', '删除权限', 'DF', NULL, 'J', 'Y', 'N', '0', 'A');
INSERT INTO SY_REQ_AUT VALUES ('/sys/aut/deleteAut', 'SYAUTMNG', '删除权限-权限管理');
INSERT INTO SY_REQ_DEF VALUES ('/sys/aut/queryAut', '查询权限', 'DF', NULL, 'J', 'Y', 'N', '0', 'A');
INSERT INTO SY_REQ_AUT VALUES ('/sys/aut/queryAut', 'SYAUTMNG', '查询权限-权限管理');
INSERT INTO SY_REQ_DEF VALUES ('/sys/aut/queryAutMenu', '查询权限绑定的菜单', 'DF', NULL, 'J', 'Y', 'N', '0', 'A');
INSERT INTO SY_REQ_AUT VALUES ('/sys/aut/queryAutMenu', 'SYAUTMNG', '查询权限绑定的菜单-权限管理');
INSERT INTO SY_REQ_DEF VALUES ('/sys/aut/queryAutReq', '查询权限绑定的请求', 'DF', NULL, 'J', 'Y', 'N', '0', 'A');
INSERT INTO SY_REQ_AUT VALUES ('/sys/aut/queryAutReq', 'SYAUTMNG', '查询权限绑定的请求-权限管理');
INSERT INTO SY_REQ_DEF VALUES ('/sys/aut/queryAutListPage', '分页查询权限列表', 'DF', NULL, 'J', 'Y', 'N', '0', 'A');
INSERT INTO SY_REQ_AUT VALUES ('/sys/aut/queryAutListPage', 'SYAUTMNG', '分页查询权限列表-权限管理');
INSERT INTO SY_REQ_DEF VALUES ('/sys/aut/updateAut', '修改权限信息', 'DF', NULL, 'J', 'Y', 'N', '0', 'A');
INSERT INTO SY_REQ_AUT VALUES ('/sys/aut/updateAut', 'SYAUTMNG', '修改权限信息-权限管理');
INSERT INTO SY_REQ_DEF VALUES ('/sys/menu/queryMenuTree', '查询菜单树', 'DF', NULL, 'J', 'Y', 'N', '0', 'A');
INSERT INTO SY_REQ_AUT VALUES ('/sys/menu/queryMenuTree', 'SYMNUMNG', '查询菜单树-菜单管理');
INSERT INTO SY_REQ_DEF VALUES ('/sys/menu/addMenu', '增加菜单', 'DF', NULL, 'J', 'Y', 'N', '0', 'A');
INSERT INTO SY_REQ_AUT VALUES ('/sys/menu/addMenu', 'SYMNUMNG', '增加菜单-菜单管理');
INSERT INTO SY_REQ_DEF VALUES ('/sys/menu/deleteMenu', '删除菜单', 'DF', NULL, 'J', 'Y', 'N', '0', 'A');
INSERT INTO SY_REQ_AUT VALUES ('/sys/menu/deleteMenu', 'SYMNUMNG', '删除菜单-菜单管理');
INSERT INTO SY_REQ_DEF VALUES ('/sys/menu/queryMenu', '查询菜单', 'DF', NULL, 'J', 'Y', 'N', '0', 'A');
INSERT INTO SY_REQ_AUT VALUES ('/sys/menu/queryMenu', 'SYMNUMNG', '查询菜单-菜单管理');
INSERT INTO SY_REQ_DEF VALUES ('/sys/menu/queryMenuListPage', '分页查询菜单列表', 'DF', NULL, 'J', 'Y', 'N', '0', 'A');
INSERT INTO SY_REQ_AUT VALUES ('/sys/menu/queryMenuListPage', 'SYMNUMNG', '分页查询菜单列表-菜单管理');
INSERT INTO SY_REQ_DEF VALUES ('/sys/menu/updateMenu', '修改菜单', 'DF', NULL, 'J', 'Y', 'N', '0', 'A');
INSERT INTO SY_REQ_AUT VALUES ('/sys/menu/updateMenu', 'SYMNUMNG', '修改菜单-菜单管理');
INSERT INTO SY_REQ_DEF VALUES ('/sys/req/addReq', '增加请求', 'DF', NULL, 'J', 'Y', 'N', '0', 'A');
INSERT INTO SY_REQ_AUT VALUES ('/sys/req/addReq', 'SYREQMNG', '增加请求-请求管理');
INSERT INTO SY_REQ_DEF VALUES ('/sys/req/deleteReq', '删除请求', 'DF', NULL, 'J', 'Y', 'N', '0', 'A');
INSERT INTO SY_REQ_AUT VALUES ('/sys/req/deleteReq', 'SYREQMNG', '删除请求-请求管理');
INSERT INTO SY_REQ_DEF VALUES ('/sys/req/queryReqListPage', '分页查询请求列表', 'DF', NULL, 'J', 'Y', 'N', '0', 'A');
INSERT INTO SY_REQ_AUT VALUES ('/sys/req/queryReqListPage', 'SYREQMNG', '分页查询请求列表-请求管理');
INSERT INTO SY_REQ_DEF VALUES ('/sys/req/queryReq', '查询请求', 'DF', NULL, 'J', 'Y', 'N', '0', 'A');
INSERT INTO SY_REQ_AUT VALUES ('/sys/req/queryReq', 'SYREQMNG', '查询请求-请求管理');
INSERT INTO SY_REQ_DEF VALUES ('/sys/req/updateReq', '修改请求信息', 'DF', NULL, 'J', 'Y', 'N', '0', 'A');
INSERT INTO SY_REQ_AUT VALUES ('/sys/req/updateReq', 'SYREQMNG', '修改请求信息-请求管理');
INSERT INTO SY_REQ_DEF VALUES ('/sys/role/addRole', '增加角色', 'DF', NULL, 'J', 'Y', 'N', '0', 'A');
INSERT INTO SY_REQ_AUT VALUES ('/sys/role/addRole', 'SYROLMNG', '增加角色-角色管理');
INSERT INTO SY_REQ_DEF VALUES ('/sys/role/updateRole', '修改角色', 'DF', NULL, 'J', 'Y', 'N', '0', 'A');
INSERT INTO SY_REQ_AUT VALUES ('/sys/role/updateRole', 'SYROLMNG', '修改角色-角色管理');
INSERT INTO SY_REQ_DEF VALUES ('/sys/role/deleteRole', '删除角色', 'DF', NULL, 'J', 'Y', 'N', '0', 'A');
INSERT INTO SY_REQ_AUT VALUES ('/sys/role/deleteRole', 'SYROLMNG', '删除角色-角色管理');
INSERT INTO SY_REQ_DEF VALUES ('/sys/role/queryRoleListPage', '分页查询角色', 'DF', NULL, 'J', 'Y', 'N', '0', 'A');
INSERT INTO SY_REQ_AUT VALUES ('/sys/role/queryRoleListPage', 'SYROLMNG', '分页查询角色-角色管理');
INSERT INTO SY_REQ_DEF VALUES ('/sys/role/queryRole', '查询角色', 'DF', NULL, 'J', 'Y', 'N', '0', 'A');
INSERT INTO SY_REQ_AUT VALUES ('/sys/role/queryRole', 'SYROLMNG', '查询角色-角色管理');
INSERT INTO SY_REQ_DEF VALUES ('/sys/role/joinGroup', '加入角色组', 'DF', NULL, 'J', 'Y', 'N', '0', 'A');
INSERT INTO SY_REQ_AUT VALUES ('/sys/role/joinGroup', 'SYROLMNG', '加入角色组-角色管理');
INSERT INTO SY_REQ_DEF VALUES ('/sys/role/resetAut', '角色授权', 'DF', NULL, 'J', 'Y', 'N', '0', 'A');
INSERT INTO SY_REQ_AUT VALUES ('/sys/role/resetAut', 'SYROLMNG', '角色授权-角色管理');
INSERT INTO SY_REQ_DEF VALUES ('/sys/role/queryRoleDetail', '角色详情', 'DF', NULL, 'J', 'Y', 'N', '0', 'A');
INSERT INTO SY_REQ_AUT VALUES ('/sys/role/queryRoleDetail', 'SYROLMNG', '角色详情-角色管理');
INSERT INTO SY_REQ_DEF VALUES ('/sys/role/queryGroupOfRole', '查询角色所属角色组', 'DF', NULL, 'J', 'Y', 'N', '0', 'A');
INSERT INTO SY_REQ_AUT VALUES ('/sys/role/queryGroupOfRole', 'SYROLMNG', '查询角色所属角色组-角色管理');
INSERT INTO SY_REQ_DEF VALUES ('/sys/role/queryRoleAut', '查询角色权限', 'DF', NULL, 'J', 'Y', 'N', '0', 'A');
INSERT INTO SY_REQ_AUT VALUES ('/sys/role/queryRoleAut', 'SYROLMNG', '查询角色权限-角色管理');
INSERT INTO SY_REQ_DEF VALUES ('/sys/roleGroup/addRoleGroup', '增加角色组', 'DF', NULL, 'J', 'Y', 'N', '0', 'A'); 
INSERT INTO SY_REQ_AUT VALUES ('/sys/roleGroup/addRoleGroup', 'SYRGPMNG', '增加角色组-角色管理');
INSERT INTO SY_REQ_DEF VALUES ('/sys/roleGroup/updateRoleGroup', '修改角色组', 'DF', NULL, 'J', 'Y', 'N', '0', 'A'); 
INSERT INTO SY_REQ_AUT VALUES ('/sys/roleGroup/updateRoleGroup', 'SYRGPMNG', '修改角色组-角色管理');
INSERT INTO SY_REQ_DEF VALUES ('/sys/roleGroup/deleteRoleGroup', '删除角色组', 'DF', NULL, 'J', 'Y', 'N', '0', 'A'); 
INSERT INTO SY_REQ_AUT VALUES ('/sys/roleGroup/deleteRoleGroup', 'SYRGPMNG', '删除角色组-角色管理');
INSERT INTO SY_REQ_DEF VALUES ('/sys/roleGroup/queryRoleGroupListPage', '分页查询角色组', 'DF', NULL, 'J', 'Y', 'N', '0', 'A'); 
INSERT INTO SY_REQ_AUT VALUES ('/sys/roleGroup/queryRoleGroupListPage', 'SYRGPMNG', '分页查询角色组-角色管理');
INSERT INTO SY_REQ_DEF VALUES ('/sys/roleGroup/queryRoleGroup', '查询角色组', 'DF', NULL, 'J', 'Y', 'N', '0', 'A'); 
INSERT INTO SY_REQ_AUT VALUES ('/sys/roleGroup/queryRoleGroup', 'SYRGPMNG', '查询角色组-角色管理');
INSERT INTO SY_REQ_DEF VALUES ('/sys/roleGroup/resetAut', '角色组授权', 'DF', NULL, 'J', 'Y', 'N', '0', 'A'); 
INSERT INTO SY_REQ_AUT VALUES ('/sys/roleGroup/resetAut', 'SYRGPMNG', '角色组授权-角色管理');
INSERT INTO SY_REQ_DEF VALUES ('/sys/roleGroup/queryRoleGroupDetail', '角色组详情', 'DF', NULL, 'J', 'Y', 'N', '0', 'A'); 
INSERT INTO SY_REQ_AUT VALUES ('/sys/roleGroup/queryRoleGroupDetail', 'SYRGPMNG', '角色组详情-角色管理');
INSERT INTO SY_REQ_DEF VALUES ('/sys/roleGroup/queryGroupAut', '查询角色组权限', 'DF', NULL, 'J', 'Y', 'N', '0', 'A'); 
INSERT INTO SY_REQ_AUT VALUES ('/sys/roleGroup/queryGroupAut', 'SYRGPMNG', '查询角色组权限-角色管理');
INSERT INTO SY_REQ_DEF VALUES ('/sys/param/addParam', '增加参数', 'DF', NULL, 'J', 'Y', 'N', '0', 'A'); 
INSERT INTO SY_REQ_AUT VALUES ('/sys/param/addParam', 'SYPAMMNG', '增加参数-参数管理');
INSERT INTO SY_REQ_DEF VALUES ('/sys/param/deleteParam', '删除参数', 'DF', NULL, 'J', 'Y', 'N', '0', 'A'); 
INSERT INTO SY_REQ_AUT VALUES ('/sys/param/deleteParam', 'SYPAMMNG', '删除参数-参数管理');
INSERT INTO SY_REQ_DEF VALUES ('/sys/param/queryParamListPage', '分页查询参数', 'DF', NULL, 'J', 'Y', 'N', '0', 'A'); 
INSERT INTO SY_REQ_AUT VALUES ('/sys/param/queryParamListPage', 'SYPAMMNG', '分页查询参数-参数管理');
INSERT INTO SY_REQ_DEF VALUES ('/sys/param/queryParam', '查询参数', 'DF', NULL, 'J', 'Y', 'N', '0', 'A'); 
INSERT INTO SY_REQ_AUT VALUES ('/sys/param/queryParam', 'SYPAMMNG', '查询参数-参数管理');
INSERT INTO SY_REQ_DEF VALUES ('/sys/param/updateParam', '修改参数', 'DF', NULL, 'J', 'Y', 'N', '0', 'A'); 
INSERT INTO SY_REQ_AUT VALUES ('/sys/param/updateParam', 'SYPAMMNG', '修改参数-参数管理');
INSERT INTO SY_REQ_DEF VALUES ('/sys/errorCode/addErrorCode', '增加错误码', 'DF', NULL, 'J', 'Y', 'N', '0', 'A'); 
INSERT INTO SY_REQ_AUT VALUES ('/sys/errorCode/addErrorCode', 'SYERRMNG', '增加错误码-错误码管理');
INSERT INTO SY_REQ_DEF VALUES ('/sys/errorCode/deleteErrorCode', '删除错误码', 'DF', NULL, 'J', 'Y', 'N', '0', 'A'); 
INSERT INTO SY_REQ_AUT VALUES ('/sys/errorCode/deleteErrorCode', 'SYERRMNG', '删除错误码-错误码管理');
INSERT INTO SY_REQ_DEF VALUES ('/sys/errorCode/queryErrorCodeListPage', '分页查询参数', 'DF', NULL, 'J', 'Y', 'N', '0', 'A'); 
INSERT INTO SY_REQ_AUT VALUES ('/sys/errorCode/queryErrorCodeListPage', 'SYERRMNG', '分页查询错误码-错误码管理');
INSERT INTO SY_REQ_DEF VALUES ('/sys/errorCode/queryErrorCode', '查询错误码', 'DF', NULL, 'J', 'Y', 'N', '0', 'A'); 
INSERT INTO SY_REQ_AUT VALUES ('/sys/errorCode/queryErrorCode', 'SYERRMNG', '查询错误码-错误码管理');
INSERT INTO SY_REQ_DEF VALUES ('/sys/errorCode/updateErrorCode', '修改错误码', 'DF', NULL, 'J', 'Y', 'N', '0', 'A'); 
INSERT INTO SY_REQ_AUT VALUES ('/sys/errorCode/updateErrorCode', 'SYERRMNG', '修改错误码-错误码管理');
INSERT INTO SY_REQ_DEF VALUES ('/sys/counter/addCounter', '增加计数器', 'DF', NULL, 'J', 'Y', 'N', '0', 'A'); 
INSERT INTO SY_REQ_AUT VALUES ('/sys/counter/addCounter', 'SYCNTMNG', '增加计数器-计数器管理');
INSERT INTO SY_REQ_DEF VALUES ('/sys/counter/deleteCounter', '删除计数器', 'DF', NULL, 'J', 'Y', 'N', '0', 'A'); 
INSERT INTO SY_REQ_AUT VALUES ('/sys/counter/deleteCounter', 'SYCNTMNG', '删除计数器-计数器管理');
INSERT INTO SY_REQ_DEF VALUES ('/sys/counter/queryCounter', '查询计数器', 'DF', NULL, 'J', 'Y', 'N', '0', 'A'); 
INSERT INTO SY_REQ_AUT VALUES ('/sys/counter/queryCounter', 'SYCNTMNG', '查询计数器-计数器管理');
INSERT INTO SY_REQ_DEF VALUES ('/sys/counter/queryCounterListPage', '分页查询计数器', 'DF', NULL, 'J', 'Y', 'N', '0', 'A'); 
INSERT INTO SY_REQ_AUT VALUES ('/sys/counter/queryCounterListPage', 'SYCNTMNG', '分页查询计数器-计数器管理');
INSERT INTO SY_REQ_DEF VALUES ('/sys/counter/updateCounter', '修改计数器', 'DF', NULL, 'J', 'Y', 'N', '0', 'A'); 
INSERT INTO SY_REQ_AUT VALUES ('/sys/counter/updateCounter', 'SYCNTMNG', '修改计数器-计数器管理');
INSERT INTO SY_REQ_DEF VALUES ('/sys/cache/refresh', '刷新缓存', 'DF', NULL, 'J', 'Y', 'N', '0', 'A'); 
INSERT INTO SY_REQ_AUT VALUES ('/sys/cache/refresh', 'SYCHEMNG', '刷新缓存-缓存管理');

-- 角色
delete from SY_ROLE;
INSERT INTO SY_ROLE VALUES ('SYSAUT', '公共系统审批人', 'A');
INSERT INTO SY_ROLE VALUES ('SYSCHK', '公共系统复核人', 'A');
INSERT INTO SY_ROLE VALUES ('SYSOPR', '公共系统经办人', 'A');

-- 用户权限关联
delete from SY_USER_AUT;
INSERT INTO SY_USER_AUT VALUES ('0000000001', 'SYBASIC0', 'kool-基本访问权限');
INSERT INTO SY_USER_AUT VALUES ('0000000001', 'SYUSRMNG', 'kool-用户管理');
INSERT INTO SY_USER_AUT VALUES ('0000000001', 'SYAUTMNG', 'kool-权限管理');
INSERT INTO SY_USER_AUT VALUES ('0000000001', 'SYMNUMNG', 'kool-菜单管理');
INSERT INTO SY_USER_AUT VALUES ('0000000001', 'SYREQMNG', 'kool-请求管理');
INSERT INTO SY_USER_AUT VALUES ('0000000001', 'SYROLMNG', 'kool-角色管理');
INSERT INTO SY_USER_AUT VALUES ('0000000001', 'SYRGPMNG', 'kool-角色组管理');
INSERT INTO SY_USER_AUT VALUES ('0000000001', 'SYPAMMNG', 'kool-参数管理');
INSERT INTO SY_USER_AUT VALUES ('0000000001', 'SYERRMNG', 'kool-错误码管理');
INSERT INTO SY_USER_AUT VALUES ('0000000001', 'SYCNTMNG', 'kool-计数器管理');
INSERT INTO SY_USER_AUT VALUES ('0000000001', 'SYCHEMNG', 'kool-缓存管理');

INSERT INTO SY_USER_AUT VALUES ('0000000002', 'SYBASIC0', 'admin-基本访问权限');
INSERT INTO SY_USER_AUT VALUES ('0000000003', 'SYBASIC0', 'aa-基本访问权限');
INSERT INTO SY_USER_AUT VALUES ('0000000004', 'SYBASIC0', 'bb-基本访问权限');
